{"cameraMode":{"drawMode":0,"name":"Shaded","section":"Shading Mode"},"sceneLighting":false,"audioPlay":false,"sceneViewState":{"showFog":true,"showMaterialUpdate":true,"showSkybox":true,"showFlares":true,"showImageEffects":true,"showParticleSystems":true},"in2DMode":false,"pivot":{"x":2.3325963020324709,"y":104.87895202636719,"z":-17.513097763061525},"rotation":{"x":-0.373393177986145,"y":0.5902594923973084,"z":-0.35386112332344057,"w":-0.6221494078636169},"size":34.53485107421875,"orthographic":false}